DATAFLOW,LAST UPDATE,freq,quant_inc,unit,geo,TIME_PERIOD,OBS_VALUE,OBS_FLAG,CONF_STATUS
ESTAT:ICW_SR_10$DEFAULTVIEW(1.0),29/01/25 23:00:00,Annual,First quintile,Percentage of disposable income,Austria,2010,162.7,i,
ESTAT:ICW_SR_10$DEFAULTVIEW(1.0),29/01/25 23:00:00,Annual,First quintile,Percentage of disposable income,Austria,2015,138.2,i,
ESTAT:ICW_SR_10$DEFAULTVIEW(1.0),29/01/25 23:00:00,Annual,First quintile,Percentage of disposable income,Austria,2020,129.8,i,
ESTAT:ICW_SR_10$DEFAULTVIEW(1.0),29/01/25 23:00:00,Annual,First quintile,Percentage of disposable income,Belgium,2010,140.4,i,
ESTAT:ICW_SR_10$DEFAULTVIEW(1.0),29/01/25 23:00:00,Annual,First quintile,Percentage of disposable income,Belgium,2015,124.7,i,
ESTAT:ICW_SR_10$DEFAULTVIEW(1.0),29/01/25 23:00:00,Annual,First quintile,Percentage of disposable income,Belgium,2020,118.9,i,
ESTAT:ICW_SR_10$DEFAULTVIEW(1.0),29/01/25 23:00:00,Annual,First quintile,Percentage of disposable income,Bulgaria,2010,102.9,e,
ESTAT:ICW_SR_10$DEFAULTVIEW(1.0),29/01/25 23:00:00,Annual,First quintile,Percentage of disposable income,Bulgaria,2015,124.6,i,
ESTAT:ICW_SR_10$DEFAULTVIEW(1.0),29/01/25 23:00:00,Annual,First quintile,Percentage of disposable income,Bulgaria,2020,113.9,i,
ESTAT:ICW_SR_10$DEFAULTVIEW(1.0),29/01/25 23:00:00,Annual,First quintile,Percentage of disposable income,Cyprus,2010,114.7,i,
ESTAT:ICW_SR_10$DEFAULTVIEW(1.0),29/01/25 23:00:00,Annual,First quintile,Percentage of disposable income,Cyprus,2015,111.4,i,
ESTAT:ICW_SR_10$DEFAULTVIEW(1.0),29/01/25 23:00:00,Annual,First quintile,Percentage of disposable income,Cyprus,2020,89.3,i,
ESTAT:ICW_SR_10$DEFAULTVIEW(1.0),29/01/25 23:00:00,Annual,First quintile,Percentage of disposable income,Czechia,2010,92.6,e,
ESTAT:ICW_SR_10$DEFAULTVIEW(1.0),29/01/25 23:00:00,Annual,First quintile,Percentage of disposable income,Czechia,2015,92.5,i,
ESTAT:ICW_SR_10$DEFAULTVIEW(1.0),29/01/25 23:00:00,Annual,First quintile,Percentage of disposable income,Czechia,2020,108.1,i,
ESTAT:ICW_SR_10$DEFAULTVIEW(1.0),29/01/25 23:00:00,Annual,First quintile,Percentage of disposable income,Germany,2010,127.4,i,
ESTAT:ICW_SR_10$DEFAULTVIEW(1.0),29/01/25 23:00:00,Annual,First quintile,Percentage of disposable income,Germany,2015,150,i,
ESTAT:ICW_SR_10$DEFAULTVIEW(1.0),29/01/25 23:00:00,Annual,First quintile,Percentage of disposable income,Germany,2020,143.4,i,
ESTAT:ICW_SR_10$DEFAULTVIEW(1.0),29/01/25 23:00:00,Annual,First quintile,Percentage of disposable income,Denmark,2010,207.7,i,
ESTAT:ICW_SR_10$DEFAULTVIEW(1.0),29/01/25 23:00:00,Annual,First quintile,Percentage of disposable income,Denmark,2015,130.3,i,
ESTAT:ICW_SR_10$DEFAULTVIEW(1.0),29/01/25 23:00:00,Annual,First quintile,Percentage of disposable income,Denmark,2020,117.5,i,
ESTAT:ICW_SR_10$DEFAULTVIEW(1.0),29/01/25 23:00:00,Annual,First quintile,Percentage of disposable income,"Euro area (EA11-1999, EA12-2001, EA13-2007, EA15-2008, EA16-2009, EA17-2011, EA18-2014, EA19-2015, EA20-2023)",2015,135,i,
ESTAT:ICW_SR_10$DEFAULTVIEW(1.0),29/01/25 23:00:00,Annual,First quintile,Percentage of disposable income,"Euro area (EA11-1999, EA12-2001, EA13-2007, EA15-2008, EA16-2009, EA17-2011, EA18-2014, EA19-2015, EA20-2023)",2020,130.6,i,
ESTAT:ICW_SR_10$DEFAULTVIEW(1.0),29/01/25 23:00:00,Annual,First quintile,Percentage of disposable income,Euro area – 20 countries (from 2023),2015,135.3,i,
ESTAT:ICW_SR_10$DEFAULTVIEW(1.0),29/01/25 23:00:00,Annual,First quintile,Percentage of disposable income,Euro area – 20 countries (from 2023),2020,130.5,i,
ESTAT:ICW_SR_10$DEFAULTVIEW(1.0),29/01/25 23:00:00,Annual,First quintile,Percentage of disposable income,Estonia,2010,107,i,
ESTAT:ICW_SR_10$DEFAULTVIEW(1.0),29/01/25 23:00:00,Annual,First quintile,Percentage of disposable income,Estonia,2015,110.2,i,
ESTAT:ICW_SR_10$DEFAULTVIEW(1.0),29/01/25 23:00:00,Annual,First quintile,Percentage of disposable income,Estonia,2020,108.3,i,
ESTAT:ICW_SR_10$DEFAULTVIEW(1.0),29/01/25 23:00:00,Annual,First quintile,Percentage of disposable income,Greece,2010,180.3,i,
ESTAT:ICW_SR_10$DEFAULTVIEW(1.0),29/01/25 23:00:00,Annual,First quintile,Percentage of disposable income,Greece,2015,212.3,i,
ESTAT:ICW_SR_10$DEFAULTVIEW(1.0),29/01/25 23:00:00,Annual,First quintile,Percentage of disposable income,Greece,2020,168,i,
ESTAT:ICW_SR_10$DEFAULTVIEW(1.0),29/01/25 23:00:00,Annual,First quintile,Percentage of disposable income,Spain,2010,160.1,i,
ESTAT:ICW_SR_10$DEFAULTVIEW(1.0),29/01/25 23:00:00,Annual,First quintile,Percentage of disposable income,Spain,2015,141.2,i,
ESTAT:ICW_SR_10$DEFAULTVIEW(1.0),29/01/25 23:00:00,Annual,First quintile,Percentage of disposable income,Spain,2020,129.3,i,
ESTAT:ICW_SR_10$DEFAULTVIEW(1.0),29/01/25 23:00:00,Annual,First quintile,Percentage of disposable income,"European Union (EU6-1958, EU9-1973, EU10-1981, EU12-1986, EU15-1995, EU25-2004, EU27-2007, EU28-2013, EU27-2020)",2015,138.9,i,
ESTAT:ICW_SR_10$DEFAULTVIEW(1.0),29/01/25 23:00:00,Annual,First quintile,Percentage of disposable income,"European Union (EU6-1958, EU9-1973, EU10-1981, EU12-1986, EU15-1995, EU25-2004, EU27-2007, EU28-2013, EU27-2020)",2020,129.8,i,
ESTAT:ICW_SR_10$DEFAULTVIEW(1.0),29/01/25 23:00:00,Annual,First quintile,Percentage of disposable income,European Union - 27 countries (from 2020),2015,134.6,i,
ESTAT:ICW_SR_10$DEFAULTVIEW(1.0),29/01/25 23:00:00,Annual,First quintile,Percentage of disposable income,European Union - 27 countries (from 2020),2020,129.8,i,
ESTAT:ICW_SR_10$DEFAULTVIEW(1.0),29/01/25 23:00:00,Annual,First quintile,Percentage of disposable income,Finland,2010,110,i,
ESTAT:ICW_SR_10$DEFAULTVIEW(1.0),29/01/25 23:00:00,Annual,First quintile,Percentage of disposable income,Finland,2015,113.8,i,
ESTAT:ICW_SR_10$DEFAULTVIEW(1.0),29/01/25 23:00:00,Annual,First quintile,Percentage of disposable income,Finland,2020,116.7,i,
ESTAT:ICW_SR_10$DEFAULTVIEW(1.0),29/01/25 23:00:00,Annual,First quintile,Percentage of disposable income,France,2010,107.7,i,
ESTAT:ICW_SR_10$DEFAULTVIEW(1.0),29/01/25 23:00:00,Annual,First quintile,Percentage of disposable income,France,2015,100.5,i,
ESTAT:ICW_SR_10$DEFAULTVIEW(1.0),29/01/25 23:00:00,Annual,First quintile,Percentage of disposable income,France,2020,114.1,i,
ESTAT:ICW_SR_10$DEFAULTVIEW(1.0),29/01/25 23:00:00,Annual,First quintile,Percentage of disposable income,Croatia,2010,174.9,i,
ESTAT:ICW_SR_10$DEFAULTVIEW(1.0),29/01/25 23:00:00,Annual,First quintile,Percentage of disposable income,Croatia,2015,163,i,
ESTAT:ICW_SR_10$DEFAULTVIEW(1.0),29/01/25 23:00:00,Annual,First quintile,Percentage of disposable income,Croatia,2020,121,i,
ESTAT:ICW_SR_10$DEFAULTVIEW(1.0),29/01/25 23:00:00,Annual,First quintile,Percentage of disposable income,Hungary,2010,121.8,i,
ESTAT:ICW_SR_10$DEFAULTVIEW(1.0),29/01/25 23:00:00,Annual,First quintile,Percentage of disposable income,Hungary,2015,123.8,i,
ESTAT:ICW_SR_10$DEFAULTVIEW(1.0),29/01/25 23:00:00,Annual,First quintile,Percentage of disposable income,Hungary,2020,113.4,i,
ESTAT:ICW_SR_10$DEFAULTVIEW(1.0),29/01/25 23:00:00,Annual,First quintile,Percentage of disposable income,Ireland,2010,144.1,i,
ESTAT:ICW_SR_10$DEFAULTVIEW(1.0),29/01/25 23:00:00,Annual,First quintile,Percentage of disposable income,Ireland,2015,124.1,i,
ESTAT:ICW_SR_10$DEFAULTVIEW(1.0),29/01/25 23:00:00,Annual,First quintile,Percentage of disposable income,Ireland,2020,109.9,i,
ESTAT:ICW_SR_10$DEFAULTVIEW(1.0),29/01/25 23:00:00,Annual,First quintile,Percentage of disposable income,Lithuania,2010,160.8,i,
ESTAT:ICW_SR_10$DEFAULTVIEW(1.0),29/01/25 23:00:00,Annual,First quintile,Percentage of disposable income,Lithuania,2015,140.8,i,
ESTAT:ICW_SR_10$DEFAULTVIEW(1.0),29/01/25 23:00:00,Annual,First quintile,Percentage of disposable income,Lithuania,2020,110.7,i,
ESTAT:ICW_SR_10$DEFAULTVIEW(1.0),29/01/25 23:00:00,Annual,First quintile,Percentage of disposable income,Luxembourg,2010,110.5,i,
ESTAT:ICW_SR_10$DEFAULTVIEW(1.0),29/01/25 23:00:00,Annual,First quintile,Percentage of disposable income,Luxembourg,2015,116.4,i,
ESTAT:ICW_SR_10$DEFAULTVIEW(1.0),29/01/25 23:00:00,Annual,First quintile,Percentage of disposable income,Luxembourg,2020,112.9,i,
ESTAT:ICW_SR_10$DEFAULTVIEW(1.0),29/01/25 23:00:00,Annual,First quintile,Percentage of disposable income,Latvia,2010,168.1,i,
ESTAT:ICW_SR_10$DEFAULTVIEW(1.0),29/01/25 23:00:00,Annual,First quintile,Percentage of disposable income,Latvia,2015,131.1,i,
ESTAT:ICW_SR_10$DEFAULTVIEW(1.0),29/01/25 23:00:00,Annual,First quintile,Percentage of disposable income,Latvia,2020,114,i,
ESTAT:ICW_SR_10$DEFAULTVIEW(1.0),29/01/25 23:00:00,Annual,First quintile,Percentage of disposable income,Malta,2010,148,i,
ESTAT:ICW_SR_10$DEFAULTVIEW(1.0),29/01/25 23:00:00,Annual,First quintile,Percentage of disposable income,Malta,2015,133,i,
ESTAT:ICW_SR_10$DEFAULTVIEW(1.0),29/01/25 23:00:00,Annual,First quintile,Percentage of disposable income,Malta,2020,136.2,i,
ESTAT:ICW_SR_10$DEFAULTVIEW(1.0),29/01/25 23:00:00,Annual,First quintile,Percentage of disposable income,Netherlands,2015,149.8,i,
ESTAT:ICW_SR_10$DEFAULTVIEW(1.0),29/01/25 23:00:00,Annual,First quintile,Percentage of disposable income,Netherlands,2020,148.2,i,
ESTAT:ICW_SR_10$DEFAULTVIEW(1.0),29/01/25 23:00:00,Annual,First quintile,Percentage of disposable income,Poland,2010,122.3,i,
ESTAT:ICW_SR_10$DEFAULTVIEW(1.0),29/01/25 23:00:00,Annual,First quintile,Percentage of disposable income,Poland,2015,120.1,i,
ESTAT:ICW_SR_10$DEFAULTVIEW(1.0),29/01/25 23:00:00,Annual,First quintile,Percentage of disposable income,Poland,2020,104.1,i,
ESTAT:ICW_SR_10$DEFAULTVIEW(1.0),29/01/25 23:00:00,Annual,First quintile,Percentage of disposable income,Portugal,2010,142.7,i,
ESTAT:ICW_SR_10$DEFAULTVIEW(1.0),29/01/25 23:00:00,Annual,First quintile,Percentage of disposable income,Portugal,2015,133.3,i,
ESTAT:ICW_SR_10$DEFAULTVIEW(1.0),29/01/25 23:00:00,Annual,First quintile,Percentage of disposable income,Portugal,2020,122.5,i,
ESTAT:ICW_SR_10$DEFAULTVIEW(1.0),29/01/25 23:00:00,Annual,First quintile,Percentage of disposable income,Romania,2010,167.8,i,
ESTAT:ICW_SR_10$DEFAULTVIEW(1.0),29/01/25 23:00:00,Annual,First quintile,Percentage of disposable income,Romania,2015,180,i,
ESTAT:ICW_SR_10$DEFAULTVIEW(1.0),29/01/25 23:00:00,Annual,First quintile,Percentage of disposable income,Romania,2020,195.4,i,
ESTAT:ICW_SR_10$DEFAULTVIEW(1.0),29/01/25 23:00:00,Annual,First quintile,Percentage of disposable income,Sweden,2010,147.1,i,
ESTAT:ICW_SR_10$DEFAULTVIEW(1.0),29/01/25 23:00:00,Annual,First quintile,Percentage of disposable income,Sweden,2015,140.7,i,
ESTAT:ICW_SR_10$DEFAULTVIEW(1.0),29/01/25 23:00:00,Annual,First quintile,Percentage of disposable income,Slovenia,2010,129.4,i,
ESTAT:ICW_SR_10$DEFAULTVIEW(1.0),29/01/25 23:00:00,Annual,First quintile,Percentage of disposable income,Slovenia,2015,134.1,i,
ESTAT:ICW_SR_10$DEFAULTVIEW(1.0),29/01/25 23:00:00,Annual,First quintile,Percentage of disposable income,Slovenia,2020,116.5,i,
ESTAT:ICW_SR_10$DEFAULTVIEW(1.0),29/01/25 23:00:00,Annual,First quintile,Percentage of disposable income,Slovakia,2010,99,i,
ESTAT:ICW_SR_10$DEFAULTVIEW(1.0),29/01/25 23:00:00,Annual,First quintile,Percentage of disposable income,Slovakia,2015,126.4,i,
ESTAT:ICW_SR_10$DEFAULTVIEW(1.0),29/01/25 23:00:00,Annual,First quintile,Percentage of disposable income,Slovakia,2020,103,i,
ESTAT:ICW_SR_10$DEFAULTVIEW(1.0),29/01/25 23:00:00,Annual,First quintile,Percentage of disposable income,United Kingdom,2010,148.8,e,
ESTAT:ICW_SR_10$DEFAULTVIEW(1.0),29/01/25 23:00:00,Annual,First quintile,Percentage of disposable income,United Kingdom,2015,164.2,i,
ESTAT:ICW_SR_10$DEFAULTVIEW(1.0),29/01/25 23:00:00,Annual,Second quintile,Percentage of disposable income,Austria,2010,119.6,i,
ESTAT:ICW_SR_10$DEFAULTVIEW(1.0),29/01/25 23:00:00,Annual,Second quintile,Percentage of disposable income,Austria,2015,99.2,i,
ESTAT:ICW_SR_10$DEFAULTVIEW(1.0),29/01/25 23:00:00,Annual,Second quintile,Percentage of disposable income,Austria,2020,97.9,i,
ESTAT:ICW_SR_10$DEFAULTVIEW(1.0),29/01/25 23:00:00,Annual,Second quintile,Percentage of disposable income,Belgium,2010,112.9,i,
ESTAT:ICW_SR_10$DEFAULTVIEW(1.0),29/01/25 23:00:00,Annual,Second quintile,Percentage of disposable income,Belgium,2015,111.9,i,
ESTAT:ICW_SR_10$DEFAULTVIEW(1.0),29/01/25 23:00:00,Annual,Second quintile,Percentage of disposable income,Belgium,2020,92.1,i,
ESTAT:ICW_SR_10$DEFAULTVIEW(1.0),29/01/25 23:00:00,Annual,Second quintile,Percentage of disposable income,Bulgaria,2010,77.5,e,
ESTAT:ICW_SR_10$DEFAULTVIEW(1.0),29/01/25 23:00:00,Annual,Second quintile,Percentage of disposable income,Bulgaria,2015,99.8,i,
ESTAT:ICW_SR_10$DEFAULTVIEW(1.0),29/01/25 23:00:00,Annual,Second quintile,Percentage of disposable income,Bulgaria,2020,89.6,i,
ESTAT:ICW_SR_10$DEFAULTVIEW(1.0),29/01/25 23:00:00,Annual,Second quintile,Percentage of disposable income,Cyprus,2010,116.7,i,
ESTAT:ICW_SR_10$DEFAULTVIEW(1.0),29/01/25 23:00:00,Annual,Second quintile,Percentage of disposable income,Cyprus,2015,104.7,i,
ESTAT:ICW_SR_10$DEFAULTVIEW(1.0),29/01/25 23:00:00,Annual,Second quintile,Percentage of disposable income,Cyprus,2020,87,i,
ESTAT:ICW_SR_10$DEFAULTVIEW(1.0),29/01/25 23:00:00,Annual,Second quintile,Percentage of disposable income,Czechia,2010,84.8,e,
ESTAT:ICW_SR_10$DEFAULTVIEW(1.0),29/01/25 23:00:00,Annual,Second quintile,Percentage of disposable income,Czechia,2015,84.2,i,
ESTAT:ICW_SR_10$DEFAULTVIEW(1.0),29/01/25 23:00:00,Annual,Second quintile,Percentage of disposable income,Czechia,2020,86,i,
ESTAT:ICW_SR_10$DEFAULTVIEW(1.0),29/01/25 23:00:00,Annual,Second quintile,Percentage of disposable income,Germany,2010,97.3,i,
ESTAT:ICW_SR_10$DEFAULTVIEW(1.0),29/01/25 23:00:00,Annual,Second quintile,Percentage of disposable income,Germany,2015,100.5,i,
ESTAT:ICW_SR_10$DEFAULTVIEW(1.0),29/01/25 23:00:00,Annual,Second quintile,Percentage of disposable income,Germany,2020,91.6,i,
ESTAT:ICW_SR_10$DEFAULTVIEW(1.0),29/01/25 23:00:00,Annual,Second quintile,Percentage of disposable income,Denmark,2010,118.8,i,
ESTAT:ICW_SR_10$DEFAULTVIEW(1.0),29/01/25 23:00:00,Annual,Second quintile,Percentage of disposable income,Denmark,2015,96,i,
ESTAT:ICW_SR_10$DEFAULTVIEW(1.0),29/01/25 23:00:00,Annual,Second quintile,Percentage of disposable income,Denmark,2020,85.6,i,
ESTAT:ICW_SR_10$DEFAULTVIEW(1.0),29/01/25 23:00:00,Annual,Second quintile,Percentage of disposable income,"Euro area (EA11-1999, EA12-2001, EA13-2007, EA15-2008, EA16-2009, EA17-2011, EA18-2014, EA19-2015, EA20-2023)",2015,97.8,i,
ESTAT:ICW_SR_10$DEFAULTVIEW(1.0),29/01/25 23:00:00,Annual,Second quintile,Percentage of disposable income,"Euro area (EA11-1999, EA12-2001, EA13-2007, EA15-2008, EA16-2009, EA17-2011, EA18-2014, EA19-2015, EA20-2023)",2020,91.2,i,
ESTAT:ICW_SR_10$DEFAULTVIEW(1.0),29/01/25 23:00:00,Annual,Second quintile,Percentage of disposable income,Euro area – 20 countries (from 2023),2015,98,i,
ESTAT:ICW_SR_10$DEFAULTVIEW(1.0),29/01/25 23:00:00,Annual,Second quintile,Percentage of disposable income,Euro area – 20 countries (from 2023),2020,91.4,i,
ESTAT:ICW_SR_10$DEFAULTVIEW(1.0),29/01/25 23:00:00,Annual,Second quintile,Percentage of disposable income,Estonia,2010,86.1,i,
ESTAT:ICW_SR_10$DEFAULTVIEW(1.0),29/01/25 23:00:00,Annual,Second quintile,Percentage of disposable income,Estonia,2015,87.4,i,
ESTAT:ICW_SR_10$DEFAULTVIEW(1.0),29/01/25 23:00:00,Annual,Second quintile,Percentage of disposable income,Estonia,2020,81.9,i,
ESTAT:ICW_SR_10$DEFAULTVIEW(1.0),29/01/25 23:00:00,Annual,Second quintile,Percentage of disposable income,Greece,2010,129.8,i,
ESTAT:ICW_SR_10$DEFAULTVIEW(1.0),29/01/25 23:00:00,Annual,Second quintile,Percentage of disposable income,Greece,2015,128.1,i,
ESTAT:ICW_SR_10$DEFAULTVIEW(1.0),29/01/25 23:00:00,Annual,Second quintile,Percentage of disposable income,Greece,2020,110.4,i,
ESTAT:ICW_SR_10$DEFAULTVIEW(1.0),29/01/25 23:00:00,Annual,Second quintile,Percentage of disposable income,Spain,2010,111.5,i,
ESTAT:ICW_SR_10$DEFAULTVIEW(1.0),29/01/25 23:00:00,Annual,Second quintile,Percentage of disposable income,Spain,2015,105.3,i,
ESTAT:ICW_SR_10$DEFAULTVIEW(1.0),29/01/25 23:00:00,Annual,Second quintile,Percentage of disposable income,Spain,2020,90.6,i,
ESTAT:ICW_SR_10$DEFAULTVIEW(1.0),29/01/25 23:00:00,Annual,Second quintile,Percentage of disposable income,"European Union (EU6-1958, EU9-1973, EU10-1981, EU12-1986, EU15-1995, EU25-2004, EU27-2007, EU28-2013, EU27-2020)",2015,99,i,
ESTAT:ICW_SR_10$DEFAULTVIEW(1.0),29/01/25 23:00:00,Annual,Second quintile,Percentage of disposable income,"European Union (EU6-1958, EU9-1973, EU10-1981, EU12-1986, EU15-1995, EU25-2004, EU27-2007, EU28-2013, EU27-2020)",2020,90.3,i,
ESTAT:ICW_SR_10$DEFAULTVIEW(1.0),29/01/25 23:00:00,Annual,Second quintile,Percentage of disposable income,European Union - 27 countries (from 2020),2015,97.9,i,
ESTAT:ICW_SR_10$DEFAULTVIEW(1.0),29/01/25 23:00:00,Annual,Second quintile,Percentage of disposable income,European Union - 27 countries (from 2020),2020,90.3,i,
ESTAT:ICW_SR_10$DEFAULTVIEW(1.0),29/01/25 23:00:00,Annual,Second quintile,Percentage of disposable income,Finland,2010,87,i,
ESTAT:ICW_SR_10$DEFAULTVIEW(1.0),29/01/25 23:00:00,Annual,Second quintile,Percentage of disposable income,Finland,2015,93.9,i,
ESTAT:ICW_SR_10$DEFAULTVIEW(1.0),29/01/25 23:00:00,Annual,Second quintile,Percentage of disposable income,Finland,2020,96,i,
ESTAT:ICW_SR_10$DEFAULTVIEW(1.0),29/01/25 23:00:00,Annual,Second quintile,Percentage of disposable income,France,2010,89.8,i,
ESTAT:ICW_SR_10$DEFAULTVIEW(1.0),29/01/25 23:00:00,Annual,Second quintile,Percentage of disposable income,France,2015,78.3,i,
ESTAT:ICW_SR_10$DEFAULTVIEW(1.0),29/01/25 23:00:00,Annual,Second quintile,Percentage of disposable income,France,2020,84.9,i,
ESTAT:ICW_SR_10$DEFAULTVIEW(1.0),29/01/25 23:00:00,Annual,Second quintile,Percentage of disposable income,Croatia,2010,120,i,
ESTAT:ICW_SR_10$DEFAULTVIEW(1.0),29/01/25 23:00:00,Annual,Second quintile,Percentage of disposable income,Croatia,2015,122.1,i,
ESTAT:ICW_SR_10$DEFAULTVIEW(1.0),29/01/25 23:00:00,Annual,Second quintile,Percentage of disposable income,Croatia,2020,107.7,i,
ESTAT:ICW_SR_10$DEFAULTVIEW(1.0),29/01/25 23:00:00,Annual,Second quintile,Percentage of disposable income,Hungary,2010,98.5,i,
ESTAT:ICW_SR_10$DEFAULTVIEW(1.0),29/01/25 23:00:00,Annual,Second quintile,Percentage of disposable income,Hungary,2015,98.1,i,
ESTAT:ICW_SR_10$DEFAULTVIEW(1.0),29/01/25 23:00:00,Annual,Second quintile,Percentage of disposable income,Hungary,2020,94.8,i,
ESTAT:ICW_SR_10$DEFAULTVIEW(1.0),29/01/25 23:00:00,Annual,Second quintile,Percentage of disposable income,Ireland,2010,101.1,i,
ESTAT:ICW_SR_10$DEFAULTVIEW(1.0),29/01/25 23:00:00,Annual,Second quintile,Percentage of disposable income,Ireland,2015,97.3,i,
ESTAT:ICW_SR_10$DEFAULTVIEW(1.0),29/01/25 23:00:00,Annual,Second quintile,Percentage of disposable income,Ireland,2020,84.1,i,
ESTAT:ICW_SR_10$DEFAULTVIEW(1.0),29/01/25 23:00:00,Annual,Second quintile,Percentage of disposable income,Lithuania,2010,118.3,i,
ESTAT:ICW_SR_10$DEFAULTVIEW(1.0),29/01/25 23:00:00,Annual,Second quintile,Percentage of disposable income,Lithuania,2015,93,i,
ESTAT:ICW_SR_10$DEFAULTVIEW(1.0),29/01/25 23:00:00,Annual,Second quintile,Percentage of disposable income,Lithuania,2020,82.1,i,
ESTAT:ICW_SR_10$DEFAULTVIEW(1.0),29/01/25 23:00:00,Annual,Second quintile,Percentage of disposable income,Luxembourg,2010,85.3,i,
ESTAT:ICW_SR_10$DEFAULTVIEW(1.0),29/01/25 23:00:00,Annual,Second quintile,Percentage of disposable income,Luxembourg,2015,86.5,i,
ESTAT:ICW_SR_10$DEFAULTVIEW(1.0),29/01/25 23:00:00,Annual,Second quintile,Percentage of disposable income,Luxembourg,2020,86.8,i,
ESTAT:ICW_SR_10$DEFAULTVIEW(1.0),29/01/25 23:00:00,Annual,Second quintile,Percentage of disposable income,Latvia,2010,131.2,i,
ESTAT:ICW_SR_10$DEFAULTVIEW(1.0),29/01/25 23:00:00,Annual,Second quintile,Percentage of disposable income,Latvia,2015,101.8,i,
ESTAT:ICW_SR_10$DEFAULTVIEW(1.0),29/01/25 23:00:00,Annual,Second quintile,Percentage of disposable income,Latvia,2020,88.7,i,
ESTAT:ICW_SR_10$DEFAULTVIEW(1.0),29/01/25 23:00:00,Annual,Second quintile,Percentage of disposable income,Malta,2010,121.1,i,
ESTAT:ICW_SR_10$DEFAULTVIEW(1.0),29/01/25 23:00:00,Annual,Second quintile,Percentage of disposable income,Malta,2015,105.5,i,
ESTAT:ICW_SR_10$DEFAULTVIEW(1.0),29/01/25 23:00:00,Annual,Second quintile,Percentage of disposable income,Malta,2020,94.6,i,
ESTAT:ICW_SR_10$DEFAULTVIEW(1.0),29/01/25 23:00:00,Annual,Second quintile,Percentage of disposable income,Netherlands,2015,107.1,i,
ESTAT:ICW_SR_10$DEFAULTVIEW(1.0),29/01/25 23:00:00,Annual,Second quintile,Percentage of disposable income,Netherlands,2020,104.3,i,
ESTAT:ICW_SR_10$DEFAULTVIEW(1.0),29/01/25 23:00:00,Annual,Second quintile,Percentage of disposable income,Poland,2010,91.4,i,
ESTAT:ICW_SR_10$DEFAULTVIEW(1.0),29/01/25 23:00:00,Annual,Second quintile,Percentage of disposable income,Poland,2015,84.1,i,
ESTAT:ICW_SR_10$DEFAULTVIEW(1.0),29/01/25 23:00:00,Annual,Second quintile,Percentage of disposable income,Poland,2020,60.6,i,
ESTAT:ICW_SR_10$DEFAULTVIEW(1.0),29/01/25 23:00:00,Annual,Second quintile,Percentage of disposable income,Portugal,2010,115,i,
ESTAT:ICW_SR_10$DEFAULTVIEW(1.0),29/01/25 23:00:00,Annual,Second quintile,Percentage of disposable income,Portugal,2015,109.8,i,
ESTAT:ICW_SR_10$DEFAULTVIEW(1.0),29/01/25 23:00:00,Annual,Second quintile,Percentage of disposable income,Portugal,2020,86.7,i,
ESTAT:ICW_SR_10$DEFAULTVIEW(1.0),29/01/25 23:00:00,Annual,Second quintile,Percentage of disposable income,Romania,2010,126.9,i,
ESTAT:ICW_SR_10$DEFAULTVIEW(1.0),29/01/25 23:00:00,Annual,Second quintile,Percentage of disposable income,Romania,2015,128.4,i,
ESTAT:ICW_SR_10$DEFAULTVIEW(1.0),29/01/25 23:00:00,Annual,Second quintile,Percentage of disposable income,Romania,2020,126.6,i,
ESTAT:ICW_SR_10$DEFAULTVIEW(1.0),29/01/25 23:00:00,Annual,Second quintile,Percentage of disposable income,Sweden,2010,100,i,
ESTAT:ICW_SR_10$DEFAULTVIEW(1.0),29/01/25 23:00:00,Annual,Second quintile,Percentage of disposable income,Sweden,2015,98.2,i,
ESTAT:ICW_SR_10$DEFAULTVIEW(1.0),29/01/25 23:00:00,Annual,Second quintile,Percentage of disposable income,Slovenia,2010,101.4,i,
ESTAT:ICW_SR_10$DEFAULTVIEW(1.0),29/01/25 23:00:00,Annual,Second quintile,Percentage of disposable income,Slovenia,2015,101.6,i,
ESTAT:ICW_SR_10$DEFAULTVIEW(1.0),29/01/25 23:00:00,Annual,Second quintile,Percentage of disposable income,Slovenia,2020,95.7,i,
ESTAT:ICW_SR_10$DEFAULTVIEW(1.0),29/01/25 23:00:00,Annual,Second quintile,Percentage of disposable income,Slovakia,2010,90.1,i,
ESTAT:ICW_SR_10$DEFAULTVIEW(1.0),29/01/25 23:00:00,Annual,Second quintile,Percentage of disposable income,Slovakia,2015,100.3,i,
ESTAT:ICW_SR_10$DEFAULTVIEW(1.0),29/01/25 23:00:00,Annual,Second quintile,Percentage of disposable income,Slovakia,2020,89.2,i,
ESTAT:ICW_SR_10$DEFAULTVIEW(1.0),29/01/25 23:00:00,Annual,Second quintile,Percentage of disposable income,United Kingdom,2010,98.3,e,
ESTAT:ICW_SR_10$DEFAULTVIEW(1.0),29/01/25 23:00:00,Annual,Second quintile,Percentage of disposable income,United Kingdom,2015,105.1,i,
ESTAT:ICW_SR_10$DEFAULTVIEW(1.0),29/01/25 23:00:00,Annual,Third quintile,Percentage of disposable income,Austria,2010,102.8,i,
ESTAT:ICW_SR_10$DEFAULTVIEW(1.0),29/01/25 23:00:00,Annual,Third quintile,Percentage of disposable income,Austria,2015,88.8,i,
ESTAT:ICW_SR_10$DEFAULTVIEW(1.0),29/01/25 23:00:00,Annual,Third quintile,Percentage of disposable income,Austria,2020,85,i,
ESTAT:ICW_SR_10$DEFAULTVIEW(1.0),29/01/25 23:00:00,Annual,Third quintile,Percentage of disposable income,Belgium,2010,100.4,i,
ESTAT:ICW_SR_10$DEFAULTVIEW(1.0),29/01/25 23:00:00,Annual,Third quintile,Percentage of disposable income,Belgium,2015,90.7,i,
ESTAT:ICW_SR_10$DEFAULTVIEW(1.0),29/01/25 23:00:00,Annual,Third quintile,Percentage of disposable income,Belgium,2020,73.8,i,
ESTAT:ICW_SR_10$DEFAULTVIEW(1.0),29/01/25 23:00:00,Annual,Third quintile,Percentage of disposable income,Bulgaria,2010,62.9,e,
ESTAT:ICW_SR_10$DEFAULTVIEW(1.0),29/01/25 23:00:00,Annual,Third quintile,Percentage of disposable income,Bulgaria,2015,85.9,i,
ESTAT:ICW_SR_10$DEFAULTVIEW(1.0),29/01/25 23:00:00,Annual,Third quintile,Percentage of disposable income,Bulgaria,2020,75,i,
ESTAT:ICW_SR_10$DEFAULTVIEW(1.0),29/01/25 23:00:00,Annual,Third quintile,Percentage of disposable income,Cyprus,2010,104.4,i,
ESTAT:ICW_SR_10$DEFAULTVIEW(1.0),29/01/25 23:00:00,Annual,Third quintile,Percentage of disposable income,Cyprus,2015,101.6,i,
ESTAT:ICW_SR_10$DEFAULTVIEW(1.0),29/01/25 23:00:00,Annual,Third quintile,Percentage of disposable income,Cyprus,2020,86.5,i,
ESTAT:ICW_SR_10$DEFAULTVIEW(1.0),29/01/25 23:00:00,Annual,Third quintile,Percentage of disposable income,Czechia,2010,75.3,e,
ESTAT:ICW_SR_10$DEFAULTVIEW(1.0),29/01/25 23:00:00,Annual,Third quintile,Percentage of disposable income,Czechia,2015,74.5,i,
ESTAT:ICW_SR_10$DEFAULTVIEW(1.0),29/01/25 23:00:00,Annual,Third quintile,Percentage of disposable income,Czechia,2020,81,i,
ESTAT:ICW_SR_10$DEFAULTVIEW(1.0),29/01/25 23:00:00,Annual,Third quintile,Percentage of disposable income,Germany,2010,89.3,i,
ESTAT:ICW_SR_10$DEFAULTVIEW(1.0),29/01/25 23:00:00,Annual,Third quintile,Percentage of disposable income,Germany,2015,88.8,i,
ESTAT:ICW_SR_10$DEFAULTVIEW(1.0),29/01/25 23:00:00,Annual,Third quintile,Percentage of disposable income,Germany,2020,84.4,i,
ESTAT:ICW_SR_10$DEFAULTVIEW(1.0),29/01/25 23:00:00,Annual,Third quintile,Percentage of disposable income,Denmark,2010,101.5,i,
ESTAT:ICW_SR_10$DEFAULTVIEW(1.0),29/01/25 23:00:00,Annual,Third quintile,Percentage of disposable income,Denmark,2015,84.3,i,
ESTAT:ICW_SR_10$DEFAULTVIEW(1.0),29/01/25 23:00:00,Annual,Third quintile,Percentage of disposable income,Denmark,2020,74.8,i,
ESTAT:ICW_SR_10$DEFAULTVIEW(1.0),29/01/25 23:00:00,Annual,Third quintile,Percentage of disposable income,"Euro area (EA11-1999, EA12-2001, EA13-2007, EA15-2008, EA16-2009, EA17-2011, EA18-2014, EA19-2015, EA20-2023)",2015,86.6,i,
ESTAT:ICW_SR_10$DEFAULTVIEW(1.0),29/01/25 23:00:00,Annual,Third quintile,Percentage of disposable income,"Euro area (EA11-1999, EA12-2001, EA13-2007, EA15-2008, EA16-2009, EA17-2011, EA18-2014, EA19-2015, EA20-2023)",2020,81.3,i,
ESTAT:ICW_SR_10$DEFAULTVIEW(1.0),29/01/25 23:00:00,Annual,Third quintile,Percentage of disposable income,Euro area – 20 countries (from 2023),2015,86.9,i,
ESTAT:ICW_SR_10$DEFAULTVIEW(1.0),29/01/25 23:00:00,Annual,Third quintile,Percentage of disposable income,Euro area – 20 countries (from 2023),2020,81.4,i,
ESTAT:ICW_SR_10$DEFAULTVIEW(1.0),29/01/25 23:00:00,Annual,Third quintile,Percentage of disposable income,Estonia,2010,72.3,i,
ESTAT:ICW_SR_10$DEFAULTVIEW(1.0),29/01/25 23:00:00,Annual,Third quintile,Percentage of disposable income,Estonia,2015,77.5,i,
ESTAT:ICW_SR_10$DEFAULTVIEW(1.0),29/01/25 23:00:00,Annual,Third quintile,Percentage of disposable income,Estonia,2020,69.9,i,
ESTAT:ICW_SR_10$DEFAULTVIEW(1.0),29/01/25 23:00:00,Annual,Third quintile,Percentage of disposable income,Greece,2010,128.2,i,
ESTAT:ICW_SR_10$DEFAULTVIEW(1.0),29/01/25 23:00:00,Annual,Third quintile,Percentage of disposable income,Greece,2015,118.1,i,
ESTAT:ICW_SR_10$DEFAULTVIEW(1.0),29/01/25 23:00:00,Annual,Third quintile,Percentage of disposable income,Greece,2020,101.5,i,
ESTAT:ICW_SR_10$DEFAULTVIEW(1.0),29/01/25 23:00:00,Annual,Third quintile,Percentage of disposable income,Spain,2010,95.1,i,
ESTAT:ICW_SR_10$DEFAULTVIEW(1.0),29/01/25 23:00:00,Annual,Third quintile,Percentage of disposable income,Spain,2015,91.7,i,
ESTAT:ICW_SR_10$DEFAULTVIEW(1.0),29/01/25 23:00:00,Annual,Third quintile,Percentage of disposable income,Spain,2020,76,i,
ESTAT:ICW_SR_10$DEFAULTVIEW(1.0),29/01/25 23:00:00,Annual,Third quintile,Percentage of disposable income,"European Union (EU6-1958, EU9-1973, EU10-1981, EU12-1986, EU15-1995, EU25-2004, EU27-2007, EU28-2013, EU27-2020)",2015,88,i,
ESTAT:ICW_SR_10$DEFAULTVIEW(1.0),29/01/25 23:00:00,Annual,Third quintile,Percentage of disposable income,"European Union (EU6-1958, EU9-1973, EU10-1981, EU12-1986, EU15-1995, EU25-2004, EU27-2007, EU28-2013, EU27-2020)",2020,79.9,i,
ESTAT:ICW_SR_10$DEFAULTVIEW(1.0),29/01/25 23:00:00,Annual,Third quintile,Percentage of disposable income,European Union - 27 countries (from 2020),2015,86.4,i,
ESTAT:ICW_SR_10$DEFAULTVIEW(1.0),29/01/25 23:00:00,Annual,Third quintile,Percentage of disposable income,European Union - 27 countries (from 2020),2020,79.9,i,
ESTAT:ICW_SR_10$DEFAULTVIEW(1.0),29/01/25 23:00:00,Annual,Third quintile,Percentage of disposable income,Finland,2010,83.5,i,
ESTAT:ICW_SR_10$DEFAULTVIEW(1.0),29/01/25 23:00:00,Annual,Third quintile,Percentage of disposable income,Finland,2015,86.2,i,
ESTAT:ICW_SR_10$DEFAULTVIEW(1.0),29/01/25 23:00:00,Annual,Third quintile,Percentage of disposable income,Finland,2020,90.3,i,
ESTAT:ICW_SR_10$DEFAULTVIEW(1.0),29/01/25 23:00:00,Annual,Third quintile,Percentage of disposable income,France,2010,80.8,i,
ESTAT:ICW_SR_10$DEFAULTVIEW(1.0),29/01/25 23:00:00,Annual,Third quintile,Percentage of disposable income,France,2015,73.8,i,
ESTAT:ICW_SR_10$DEFAULTVIEW(1.0),29/01/25 23:00:00,Annual,Third quintile,Percentage of disposable income,France,2020,78.7,i,
ESTAT:ICW_SR_10$DEFAULTVIEW(1.0),29/01/25 23:00:00,Annual,Third quintile,Percentage of disposable income,Croatia,2010,108.2,i,
ESTAT:ICW_SR_10$DEFAULTVIEW(1.0),29/01/25 23:00:00,Annual,Third quintile,Percentage of disposable income,Croatia,2015,109.1,i,
ESTAT:ICW_SR_10$DEFAULTVIEW(1.0),29/01/25 23:00:00,Annual,Third quintile,Percentage of disposable income,Croatia,2020,88.4,i,
ESTAT:ICW_SR_10$DEFAULTVIEW(1.0),29/01/25 23:00:00,Annual,Third quintile,Percentage of disposable income,Hungary,2010,90,i,
ESTAT:ICW_SR_10$DEFAULTVIEW(1.0),29/01/25 23:00:00,Annual,Third quintile,Percentage of disposable income,Hungary,2015,91.7,i,
ESTAT:ICW_SR_10$DEFAULTVIEW(1.0),29/01/25 23:00:00,Annual,Third quintile,Percentage of disposable income,Hungary,2020,83.3,i,
ESTAT:ICW_SR_10$DEFAULTVIEW(1.0),29/01/25 23:00:00,Annual,Third quintile,Percentage of disposable income,Ireland,2010,88.4,i,
ESTAT:ICW_SR_10$DEFAULTVIEW(1.0),29/01/25 23:00:00,Annual,Third quintile,Percentage of disposable income,Ireland,2015,81.5,i,
ESTAT:ICW_SR_10$DEFAULTVIEW(1.0),29/01/25 23:00:00,Annual,Third quintile,Percentage of disposable income,Ireland,2020,72.2,i,
ESTAT:ICW_SR_10$DEFAULTVIEW(1.0),29/01/25 23:00:00,Annual,Third quintile,Percentage of disposable income,Lithuania,2010,93.9,i,
ESTAT:ICW_SR_10$DEFAULTVIEW(1.0),29/01/25 23:00:00,Annual,Third quintile,Percentage of disposable income,Lithuania,2015,74.3,i,
ESTAT:ICW_SR_10$DEFAULTVIEW(1.0),29/01/25 23:00:00,Annual,Third quintile,Percentage of disposable income,Lithuania,2020,69.5,i,
ESTAT:ICW_SR_10$DEFAULTVIEW(1.0),29/01/25 23:00:00,Annual,Third quintile,Percentage of disposable income,Luxembourg,2010,78.4,i,
ESTAT:ICW_SR_10$DEFAULTVIEW(1.0),29/01/25 23:00:00,Annual,Third quintile,Percentage of disposable income,Luxembourg,2015,80.6,i,
ESTAT:ICW_SR_10$DEFAULTVIEW(1.0),29/01/25 23:00:00,Annual,Third quintile,Percentage of disposable income,Luxembourg,2020,80.4,i,
ESTAT:ICW_SR_10$DEFAULTVIEW(1.0),29/01/25 23:00:00,Annual,Third quintile,Percentage of disposable income,Latvia,2010,99.4,i,
ESTAT:ICW_SR_10$DEFAULTVIEW(1.0),29/01/25 23:00:00,Annual,Third quintile,Percentage of disposable income,Latvia,2015,82.6,i,
ESTAT:ICW_SR_10$DEFAULTVIEW(1.0),29/01/25 23:00:00,Annual,Third quintile,Percentage of disposable income,Latvia,2020,78,i,
ESTAT:ICW_SR_10$DEFAULTVIEW(1.0),29/01/25 23:00:00,Annual,Third quintile,Percentage of disposable income,Malta,2010,106.8,i,
ESTAT:ICW_SR_10$DEFAULTVIEW(1.0),29/01/25 23:00:00,Annual,Third quintile,Percentage of disposable income,Malta,2015,101.3,i,
ESTAT:ICW_SR_10$DEFAULTVIEW(1.0),29/01/25 23:00:00,Annual,Third quintile,Percentage of disposable income,Malta,2020,87.6,i,
ESTAT:ICW_SR_10$DEFAULTVIEW(1.0),29/01/25 23:00:00,Annual,Third quintile,Percentage of disposable income,Netherlands,2015,90.2,i,
ESTAT:ICW_SR_10$DEFAULTVIEW(1.0),29/01/25 23:00:00,Annual,Third quintile,Percentage of disposable income,Netherlands,2020,83.6,i,
ESTAT:ICW_SR_10$DEFAULTVIEW(1.0),29/01/25 23:00:00,Annual,Third quintile,Percentage of disposable income,Poland,2010,79.8,i,
ESTAT:ICW_SR_10$DEFAULTVIEW(1.0),29/01/25 23:00:00,Annual,Third quintile,Percentage of disposable income,Poland,2015,73.3,i,
ESTAT:ICW_SR_10$DEFAULTVIEW(1.0),29/01/25 23:00:00,Annual,Third quintile,Percentage of disposable income,Poland,2020,53.5,i,
ESTAT:ICW_SR_10$DEFAULTVIEW(1.0),29/01/25 23:00:00,Annual,Third quintile,Percentage of disposable income,Portugal,2010,99.4,i,
ESTAT:ICW_SR_10$DEFAULTVIEW(1.0),29/01/25 23:00:00,Annual,Third quintile,Percentage of disposable income,Portugal,2015,90.4,i,
ESTAT:ICW_SR_10$DEFAULTVIEW(1.0),29/01/25 23:00:00,Annual,Third quintile,Percentage of disposable income,Portugal,2020,76.2,i,
ESTAT:ICW_SR_10$DEFAULTVIEW(1.0),29/01/25 23:00:00,Annual,Third quintile,Percentage of disposable income,Romania,2010,109.3,i,
ESTAT:ICW_SR_10$DEFAULTVIEW(1.0),29/01/25 23:00:00,Annual,Third quintile,Percentage of disposable income,Romania,2015,108.6,i,
ESTAT:ICW_SR_10$DEFAULTVIEW(1.0),29/01/25 23:00:00,Annual,Third quintile,Percentage of disposable income,Romania,2020,104.1,i,
ESTAT:ICW_SR_10$DEFAULTVIEW(1.0),29/01/25 23:00:00,Annual,Third quintile,Percentage of disposable income,Sweden,2010,89.6,i,
ESTAT:ICW_SR_10$DEFAULTVIEW(1.0),29/01/25 23:00:00,Annual,Third quintile,Percentage of disposable income,Sweden,2015,83.6,i,
ESTAT:ICW_SR_10$DEFAULTVIEW(1.0),29/01/25 23:00:00,Annual,Third quintile,Percentage of disposable income,Slovenia,2010,89.2,i,
ESTAT:ICW_SR_10$DEFAULTVIEW(1.0),29/01/25 23:00:00,Annual,Third quintile,Percentage of disposable income,Slovenia,2015,85.9,i,
ESTAT:ICW_SR_10$DEFAULTVIEW(1.0),29/01/25 23:00:00,Annual,Third quintile,Percentage of disposable income,Slovenia,2020,87,i,
ESTAT:ICW_SR_10$DEFAULTVIEW(1.0),29/01/25 23:00:00,Annual,Third quintile,Percentage of disposable income,Slovakia,2010,78.6,i,
ESTAT:ICW_SR_10$DEFAULTVIEW(1.0),29/01/25 23:00:00,Annual,Third quintile,Percentage of disposable income,Slovakia,2015,91.6,i,
ESTAT:ICW_SR_10$DEFAULTVIEW(1.0),29/01/25 23:00:00,Annual,Third quintile,Percentage of disposable income,Slovakia,2020,79.6,i,
ESTAT:ICW_SR_10$DEFAULTVIEW(1.0),29/01/25 23:00:00,Annual,Third quintile,Percentage of disposable income,United Kingdom,2010,88.7,e,
ESTAT:ICW_SR_10$DEFAULTVIEW(1.0),29/01/25 23:00:00,Annual,Third quintile,Percentage of disposable income,United Kingdom,2015,97.6,i,
ESTAT:ICW_SR_10$DEFAULTVIEW(1.0),29/01/25 23:00:00,Annual,Fourth quintile,Percentage of disposable income,Austria,2010,85.4,i,
ESTAT:ICW_SR_10$DEFAULTVIEW(1.0),29/01/25 23:00:00,Annual,Fourth quintile,Percentage of disposable income,Austria,2015,76.9,i,
ESTAT:ICW_SR_10$DEFAULTVIEW(1.0),29/01/25 23:00:00,Annual,Fourth quintile,Percentage of disposable income,Austria,2020,75.9,i,
ESTAT:ICW_SR_10$DEFAULTVIEW(1.0),29/01/25 23:00:00,Annual,Fourth quintile,Percentage of disposable income,Belgium,2010,88.2,i,
ESTAT:ICW_SR_10$DEFAULTVIEW(1.0),29/01/25 23:00:00,Annual,Fourth quintile,Percentage of disposable income,Belgium,2015,80.8,i,
ESTAT:ICW_SR_10$DEFAULTVIEW(1.0),29/01/25 23:00:00,Annual,Fourth quintile,Percentage of disposable income,Belgium,2020,63.3,i,
ESTAT:ICW_SR_10$DEFAULTVIEW(1.0),29/01/25 23:00:00,Annual,Fourth quintile,Percentage of disposable income,Bulgaria,2010,54.5,e,
ESTAT:ICW_SR_10$DEFAULTVIEW(1.0),29/01/25 23:00:00,Annual,Fourth quintile,Percentage of disposable income,Bulgaria,2015,74.4,i,
ESTAT:ICW_SR_10$DEFAULTVIEW(1.0),29/01/25 23:00:00,Annual,Fourth quintile,Percentage of disposable income,Bulgaria,2020,62.2,i,
ESTAT:ICW_SR_10$DEFAULTVIEW(1.0),29/01/25 23:00:00,Annual,Fourth quintile,Percentage of disposable income,Cyprus,2010,100,i,
ESTAT:ICW_SR_10$DEFAULTVIEW(1.0),29/01/25 23:00:00,Annual,Fourth quintile,Percentage of disposable income,Cyprus,2015,96.4,i,
ESTAT:ICW_SR_10$DEFAULTVIEW(1.0),29/01/25 23:00:00,Annual,Fourth quintile,Percentage of disposable income,Cyprus,2020,82.6,i,
ESTAT:ICW_SR_10$DEFAULTVIEW(1.0),29/01/25 23:00:00,Annual,Fourth quintile,Percentage of disposable income,Czechia,2010,70.7,e,
ESTAT:ICW_SR_10$DEFAULTVIEW(1.0),29/01/25 23:00:00,Annual,Fourth quintile,Percentage of disposable income,Czechia,2015,68,i,
ESTAT:ICW_SR_10$DEFAULTVIEW(1.0),29/01/25 23:00:00,Annual,Fourth quintile,Percentage of disposable income,Czechia,2020,66,i,
ESTAT:ICW_SR_10$DEFAULTVIEW(1.0),29/01/25 23:00:00,Annual,Fourth quintile,Percentage of disposable income,Germany,2010,82.2,i,
ESTAT:ICW_SR_10$DEFAULTVIEW(1.0),29/01/25 23:00:00,Annual,Fourth quintile,Percentage of disposable income,Germany,2015,79.9,i,
ESTAT:ICW_SR_10$DEFAULTVIEW(1.0),29/01/25 23:00:00,Annual,Fourth quintile,Percentage of disposable income,Germany,2020,77.5,i,
ESTAT:ICW_SR_10$DEFAULTVIEW(1.0),29/01/25 23:00:00,Annual,Fourth quintile,Percentage of disposable income,Denmark,2010,92.8,i,
ESTAT:ICW_SR_10$DEFAULTVIEW(1.0),29/01/25 23:00:00,Annual,Fourth quintile,Percentage of disposable income,Denmark,2015,69.9,i,
ESTAT:ICW_SR_10$DEFAULTVIEW(1.0),29/01/25 23:00:00,Annual,Fourth quintile,Percentage of disposable income,Denmark,2020,62.3,i,
ESTAT:ICW_SR_10$DEFAULTVIEW(1.0),29/01/25 23:00:00,Annual,Fourth quintile,Percentage of disposable income,"Euro area (EA11-1999, EA12-2001, EA13-2007, EA15-2008, EA16-2009, EA17-2011, EA18-2014, EA19-2015, EA20-2023)",2015,77.5,i,
ESTAT:ICW_SR_10$DEFAULTVIEW(1.0),29/01/25 23:00:00,Annual,Fourth quintile,Percentage of disposable income,"Euro area (EA11-1999, EA12-2001, EA13-2007, EA15-2008, EA16-2009, EA17-2011, EA18-2014, EA19-2015, EA20-2023)",2020,72.7,i,
ESTAT:ICW_SR_10$DEFAULTVIEW(1.0),29/01/25 23:00:00,Annual,Fourth quintile,Percentage of disposable income,Euro area – 20 countries (from 2023),2015,77.7,i,
ESTAT:ICW_SR_10$DEFAULTVIEW(1.0),29/01/25 23:00:00,Annual,Fourth quintile,Percentage of disposable income,Euro area – 20 countries (from 2023),2020,72.8,i,
ESTAT:ICW_SR_10$DEFAULTVIEW(1.0),29/01/25 23:00:00,Annual,Fourth quintile,Percentage of disposable income,Estonia,2010,66.7,i,
ESTAT:ICW_SR_10$DEFAULTVIEW(1.0),29/01/25 23:00:00,Annual,Fourth quintile,Percentage of disposable income,Estonia,2015,65.6,i,
ESTAT:ICW_SR_10$DEFAULTVIEW(1.0),29/01/25 23:00:00,Annual,Fourth quintile,Percentage of disposable income,Estonia,2020,54,i,
ESTAT:ICW_SR_10$DEFAULTVIEW(1.0),29/01/25 23:00:00,Annual,Fourth quintile,Percentage of disposable income,Greece,2010,113.5,i,
ESTAT:ICW_SR_10$DEFAULTVIEW(1.0),29/01/25 23:00:00,Annual,Fourth quintile,Percentage of disposable income,Greece,2015,109.6,i,
ESTAT:ICW_SR_10$DEFAULTVIEW(1.0),29/01/25 23:00:00,Annual,Fourth quintile,Percentage of disposable income,Greece,2020,88.6,i,
ESTAT:ICW_SR_10$DEFAULTVIEW(1.0),29/01/25 23:00:00,Annual,Fourth quintile,Percentage of disposable income,Spain,2010,83.8,i,
ESTAT:ICW_SR_10$DEFAULTVIEW(1.0),29/01/25 23:00:00,Annual,Fourth quintile,Percentage of disposable income,Spain,2015,78.7,i,
ESTAT:ICW_SR_10$DEFAULTVIEW(1.0),29/01/25 23:00:00,Annual,Fourth quintile,Percentage of disposable income,Spain,2020,65.8,i,
ESTAT:ICW_SR_10$DEFAULTVIEW(1.0),29/01/25 23:00:00,Annual,Fourth quintile,Percentage of disposable income,"European Union (EU6-1958, EU9-1973, EU10-1981, EU12-1986, EU15-1995, EU25-2004, EU27-2007, EU28-2013, EU27-2020)",2015,77.8,i,
ESTAT:ICW_SR_10$DEFAULTVIEW(1.0),29/01/25 23:00:00,Annual,Fourth quintile,Percentage of disposable income,"European Union (EU6-1958, EU9-1973, EU10-1981, EU12-1986, EU15-1995, EU25-2004, EU27-2007, EU28-2013, EU27-2020)",2020,70.8,i,
ESTAT:ICW_SR_10$DEFAULTVIEW(1.0),29/01/25 23:00:00,Annual,Fourth quintile,Percentage of disposable income,European Union - 27 countries (from 2020),2015,76.9,i,
ESTAT:ICW_SR_10$DEFAULTVIEW(1.0),29/01/25 23:00:00,Annual,Fourth quintile,Percentage of disposable income,European Union - 27 countries (from 2020),2020,70.8,i,
ESTAT:ICW_SR_10$DEFAULTVIEW(1.0),29/01/25 23:00:00,Annual,Fourth quintile,Percentage of disposable income,Finland,2010,80.5,i,
ESTAT:ICW_SR_10$DEFAULTVIEW(1.0),29/01/25 23:00:00,Annual,Fourth quintile,Percentage of disposable income,Finland,2015,80.5,i,
ESTAT:ICW_SR_10$DEFAULTVIEW(1.0),29/01/25 23:00:00,Annual,Fourth quintile,Percentage of disposable income,Finland,2020,81.9,i,
ESTAT:ICW_SR_10$DEFAULTVIEW(1.0),29/01/25 23:00:00,Annual,Fourth quintile,Percentage of disposable income,France,2010,73.9,i,
ESTAT:ICW_SR_10$DEFAULTVIEW(1.0),29/01/25 23:00:00,Annual,Fourth quintile,Percentage of disposable income,France,2015,69.1,i,
ESTAT:ICW_SR_10$DEFAULTVIEW(1.0),29/01/25 23:00:00,Annual,Fourth quintile,Percentage of disposable income,France,2020,72.1,i,
ESTAT:ICW_SR_10$DEFAULTVIEW(1.0),29/01/25 23:00:00,Annual,Fourth quintile,Percentage of disposable income,Croatia,2010,92.4,i,
ESTAT:ICW_SR_10$DEFAULTVIEW(1.0),29/01/25 23:00:00,Annual,Fourth quintile,Percentage of disposable income,Croatia,2015,92.5,i,
ESTAT:ICW_SR_10$DEFAULTVIEW(1.0),29/01/25 23:00:00,Annual,Fourth quintile,Percentage of disposable income,Croatia,2020,80,i,
ESTAT:ICW_SR_10$DEFAULTVIEW(1.0),29/01/25 23:00:00,Annual,Fourth quintile,Percentage of disposable income,Hungary,2010,80.6,i,
ESTAT:ICW_SR_10$DEFAULTVIEW(1.0),29/01/25 23:00:00,Annual,Fourth quintile,Percentage of disposable income,Hungary,2015,85.5,i,
ESTAT:ICW_SR_10$DEFAULTVIEW(1.0),29/01/25 23:00:00,Annual,Fourth quintile,Percentage of disposable income,Hungary,2020,74.8,i,
ESTAT:ICW_SR_10$DEFAULTVIEW(1.0),29/01/25 23:00:00,Annual,Fourth quintile,Percentage of disposable income,Ireland,2010,80.2,i,
ESTAT:ICW_SR_10$DEFAULTVIEW(1.0),29/01/25 23:00:00,Annual,Fourth quintile,Percentage of disposable income,Ireland,2015,74.6,i,
ESTAT:ICW_SR_10$DEFAULTVIEW(1.0),29/01/25 23:00:00,Annual,Fourth quintile,Percentage of disposable income,Ireland,2020,69.7,i,
ESTAT:ICW_SR_10$DEFAULTVIEW(1.0),29/01/25 23:00:00,Annual,Fourth quintile,Percentage of disposable income,Lithuania,2010,77,i,
ESTAT:ICW_SR_10$DEFAULTVIEW(1.0),29/01/25 23:00:00,Annual,Fourth quintile,Percentage of disposable income,Lithuania,2015,63.3,i,
ESTAT:ICW_SR_10$DEFAULTVIEW(1.0),29/01/25 23:00:00,Annual,Fourth quintile,Percentage of disposable income,Lithuania,2020,51.8,i,
ESTAT:ICW_SR_10$DEFAULTVIEW(1.0),29/01/25 23:00:00,Annual,Fourth quintile,Percentage of disposable income,Luxembourg,2010,69.2,i,
ESTAT:ICW_SR_10$DEFAULTVIEW(1.0),29/01/25 23:00:00,Annual,Fourth quintile,Percentage of disposable income,Luxembourg,2015,74,i,
ESTAT:ICW_SR_10$DEFAULTVIEW(1.0),29/01/25 23:00:00,Annual,Fourth quintile,Percentage of disposable income,Luxembourg,2020,63.8,i,
ESTAT:ICW_SR_10$DEFAULTVIEW(1.0),29/01/25 23:00:00,Annual,Fourth quintile,Percentage of disposable income,Latvia,2010,85.4,i,
ESTAT:ICW_SR_10$DEFAULTVIEW(1.0),29/01/25 23:00:00,Annual,Fourth quintile,Percentage of disposable income,Latvia,2015,69.9,i,
ESTAT:ICW_SR_10$DEFAULTVIEW(1.0),29/01/25 23:00:00,Annual,Fourth quintile,Percentage of disposable income,Latvia,2020,72.4,i,
ESTAT:ICW_SR_10$DEFAULTVIEW(1.0),29/01/25 23:00:00,Annual,Fourth quintile,Percentage of disposable income,Malta,2010,92.3,i,
ESTAT:ICW_SR_10$DEFAULTVIEW(1.0),29/01/25 23:00:00,Annual,Fourth quintile,Percentage of disposable income,Malta,2015,87.5,i,
ESTAT:ICW_SR_10$DEFAULTVIEW(1.0),29/01/25 23:00:00,Annual,Fourth quintile,Percentage of disposable income,Malta,2020,74.4,i,
ESTAT:ICW_SR_10$DEFAULTVIEW(1.0),29/01/25 23:00:00,Annual,Fourth quintile,Percentage of disposable income,Netherlands,2015,73.4,i,
ESTAT:ICW_SR_10$DEFAULTVIEW(1.0),29/01/25 23:00:00,Annual,Fourth quintile,Percentage of disposable income,Netherlands,2020,68.3,i,
ESTAT:ICW_SR_10$DEFAULTVIEW(1.0),29/01/25 23:00:00,Annual,Fourth quintile,Percentage of disposable income,Poland,2010,71,i,
ESTAT:ICW_SR_10$DEFAULTVIEW(1.0),29/01/25 23:00:00,Annual,Fourth quintile,Percentage of disposable income,Poland,2015,65.7,i,
ESTAT:ICW_SR_10$DEFAULTVIEW(1.0),29/01/25 23:00:00,Annual,Fourth quintile,Percentage of disposable income,Poland,2020,47.2,i,
ESTAT:ICW_SR_10$DEFAULTVIEW(1.0),29/01/25 23:00:00,Annual,Fourth quintile,Percentage of disposable income,Portugal,2010,91.6,i,
ESTAT:ICW_SR_10$DEFAULTVIEW(1.0),29/01/25 23:00:00,Annual,Fourth quintile,Percentage of disposable income,Portugal,2015,82.9,i,
ESTAT:ICW_SR_10$DEFAULTVIEW(1.0),29/01/25 23:00:00,Annual,Fourth quintile,Percentage of disposable income,Portugal,2020,66.5,i,
ESTAT:ICW_SR_10$DEFAULTVIEW(1.0),29/01/25 23:00:00,Annual,Fourth quintile,Percentage of disposable income,Romania,2010,97,i,
ESTAT:ICW_SR_10$DEFAULTVIEW(1.0),29/01/25 23:00:00,Annual,Fourth quintile,Percentage of disposable income,Romania,2015,92,i,
ESTAT:ICW_SR_10$DEFAULTVIEW(1.0),29/01/25 23:00:00,Annual,Fourth quintile,Percentage of disposable income,Romania,2020,86,i,
ESTAT:ICW_SR_10$DEFAULTVIEW(1.0),29/01/25 23:00:00,Annual,Fourth quintile,Percentage of disposable income,Sweden,2010,80.6,i,
ESTAT:ICW_SR_10$DEFAULTVIEW(1.0),29/01/25 23:00:00,Annual,Fourth quintile,Percentage of disposable income,Sweden,2015,69.3,i,
ESTAT:ICW_SR_10$DEFAULTVIEW(1.0),29/01/25 23:00:00,Annual,Fourth quintile,Percentage of disposable income,Slovenia,2010,79.8,i,
ESTAT:ICW_SR_10$DEFAULTVIEW(1.0),29/01/25 23:00:00,Annual,Fourth quintile,Percentage of disposable income,Slovenia,2015,77.5,i,
ESTAT:ICW_SR_10$DEFAULTVIEW(1.0),29/01/25 23:00:00,Annual,Fourth quintile,Percentage of disposable income,Slovenia,2020,78.2,i,
ESTAT:ICW_SR_10$DEFAULTVIEW(1.0),29/01/25 23:00:00,Annual,Fourth quintile,Percentage of disposable income,Slovakia,2010,70,i,
ESTAT:ICW_SR_10$DEFAULTVIEW(1.0),29/01/25 23:00:00,Annual,Fourth quintile,Percentage of disposable income,Slovakia,2015,78.7,i,
ESTAT:ICW_SR_10$DEFAULTVIEW(1.0),29/01/25 23:00:00,Annual,Fourth quintile,Percentage of disposable income,Slovakia,2020,71.3,i,
ESTAT:ICW_SR_10$DEFAULTVIEW(1.0),29/01/25 23:00:00,Annual,Fourth quintile,Percentage of disposable income,United Kingdom,2010,75.7,e,
ESTAT:ICW_SR_10$DEFAULTVIEW(1.0),29/01/25 23:00:00,Annual,Fourth quintile,Percentage of disposable income,United Kingdom,2015,83.5,i,
ESTAT:ICW_SR_10$DEFAULTVIEW(1.0),29/01/25 23:00:00,Annual,Fifth quintile,Percentage of disposable income,Austria,2010,66.2,i,
ESTAT:ICW_SR_10$DEFAULTVIEW(1.0),29/01/25 23:00:00,Annual,Fifth quintile,Percentage of disposable income,Austria,2015,63.4,i,
ESTAT:ICW_SR_10$DEFAULTVIEW(1.0),29/01/25 23:00:00,Annual,Fifth quintile,Percentage of disposable income,Austria,2020,59.4,i,
ESTAT:ICW_SR_10$DEFAULTVIEW(1.0),29/01/25 23:00:00,Annual,Fifth quintile,Percentage of disposable income,Belgium,2010,70.6,i,
ESTAT:ICW_SR_10$DEFAULTVIEW(1.0),29/01/25 23:00:00,Annual,Fifth quintile,Percentage of disposable income,Belgium,2015,63.1,i,
ESTAT:ICW_SR_10$DEFAULTVIEW(1.0),29/01/25 23:00:00,Annual,Fifth quintile,Percentage of disposable income,Belgium,2020,50,i,
ESTAT:ICW_SR_10$DEFAULTVIEW(1.0),29/01/25 23:00:00,Annual,Fifth quintile,Percentage of disposable income,Bulgaria,2010,42.7,e,
ESTAT:ICW_SR_10$DEFAULTVIEW(1.0),29/01/25 23:00:00,Annual,Fifth quintile,Percentage of disposable income,Bulgaria,2015,57.2,i,
ESTAT:ICW_SR_10$DEFAULTVIEW(1.0),29/01/25 23:00:00,Annual,Fifth quintile,Percentage of disposable income,Bulgaria,2020,44.1,i,
ESTAT:ICW_SR_10$DEFAULTVIEW(1.0),29/01/25 23:00:00,Annual,Fifth quintile,Percentage of disposable income,Cyprus,2010,75.8,i,
ESTAT:ICW_SR_10$DEFAULTVIEW(1.0),29/01/25 23:00:00,Annual,Fifth quintile,Percentage of disposable income,Cyprus,2015,71.6,i,
ESTAT:ICW_SR_10$DEFAULTVIEW(1.0),29/01/25 23:00:00,Annual,Fifth quintile,Percentage of disposable income,Cyprus,2020,65.2,i,
ESTAT:ICW_SR_10$DEFAULTVIEW(1.0),29/01/25 23:00:00,Annual,Fifth quintile,Percentage of disposable income,Czechia,2010,57.2,e,
ESTAT:ICW_SR_10$DEFAULTVIEW(1.0),29/01/25 23:00:00,Annual,Fifth quintile,Percentage of disposable income,Czechia,2015,53.4,i,
ESTAT:ICW_SR_10$DEFAULTVIEW(1.0),29/01/25 23:00:00,Annual,Fifth quintile,Percentage of disposable income,Czechia,2020,56.3,i,
ESTAT:ICW_SR_10$DEFAULTVIEW(1.0),29/01/25 23:00:00,Annual,Fifth quintile,Percentage of disposable income,Germany,2010,70.7,i,
ESTAT:ICW_SR_10$DEFAULTVIEW(1.0),29/01/25 23:00:00,Annual,Fifth quintile,Percentage of disposable income,Germany,2015,65.8,i,
ESTAT:ICW_SR_10$DEFAULTVIEW(1.0),29/01/25 23:00:00,Annual,Fifth quintile,Percentage of disposable income,Germany,2020,63.4,i,
ESTAT:ICW_SR_10$DEFAULTVIEW(1.0),29/01/25 23:00:00,Annual,Fifth quintile,Percentage of disposable income,Denmark,2010,73.5,i,
ESTAT:ICW_SR_10$DEFAULTVIEW(1.0),29/01/25 23:00:00,Annual,Fifth quintile,Percentage of disposable income,Denmark,2015,50,i,
ESTAT:ICW_SR_10$DEFAULTVIEW(1.0),29/01/25 23:00:00,Annual,Fifth quintile,Percentage of disposable income,Denmark,2020,46.5,i,
ESTAT:ICW_SR_10$DEFAULTVIEW(1.0),29/01/25 23:00:00,Annual,Fifth quintile,Percentage of disposable income,"Euro area (EA11-1999, EA12-2001, EA13-2007, EA15-2008, EA16-2009, EA17-2011, EA18-2014, EA19-2015, EA20-2023)",2015,63,i,
ESTAT:ICW_SR_10$DEFAULTVIEW(1.0),29/01/25 23:00:00,Annual,Fifth quintile,Percentage of disposable income,"Euro area (EA11-1999, EA12-2001, EA13-2007, EA15-2008, EA16-2009, EA17-2011, EA18-2014, EA19-2015, EA20-2023)",2020,57.5,i,
ESTAT:ICW_SR_10$DEFAULTVIEW(1.0),29/01/25 23:00:00,Annual,Fifth quintile,Percentage of disposable income,Euro area – 20 countries (from 2023),2015,63.2,i,
ESTAT:ICW_SR_10$DEFAULTVIEW(1.0),29/01/25 23:00:00,Annual,Fifth quintile,Percentage of disposable income,Euro area – 20 countries (from 2023),2020,57.6,i,
ESTAT:ICW_SR_10$DEFAULTVIEW(1.0),29/01/25 23:00:00,Annual,Fifth quintile,Percentage of disposable income,Estonia,2010,56.6,i,
ESTAT:ICW_SR_10$DEFAULTVIEW(1.0),29/01/25 23:00:00,Annual,Fifth quintile,Percentage of disposable income,Estonia,2015,54.9,i,
ESTAT:ICW_SR_10$DEFAULTVIEW(1.0),29/01/25 23:00:00,Annual,Fifth quintile,Percentage of disposable income,Estonia,2020,45.3,i,
ESTAT:ICW_SR_10$DEFAULTVIEW(1.0),29/01/25 23:00:00,Annual,Fifth quintile,Percentage of disposable income,Greece,2010,102.3,i,
ESTAT:ICW_SR_10$DEFAULTVIEW(1.0),29/01/25 23:00:00,Annual,Fifth quintile,Percentage of disposable income,Greece,2015,90.7,i,
ESTAT:ICW_SR_10$DEFAULTVIEW(1.0),29/01/25 23:00:00,Annual,Fifth quintile,Percentage of disposable income,Greece,2020,72,i,
ESTAT:ICW_SR_10$DEFAULTVIEW(1.0),29/01/25 23:00:00,Annual,Fifth quintile,Percentage of disposable income,Spain,2010,64.8,i,
ESTAT:ICW_SR_10$DEFAULTVIEW(1.0),29/01/25 23:00:00,Annual,Fifth quintile,Percentage of disposable income,Spain,2015,63.1,i,
ESTAT:ICW_SR_10$DEFAULTVIEW(1.0),29/01/25 23:00:00,Annual,Fifth quintile,Percentage of disposable income,Spain,2020,50.6,i,
ESTAT:ICW_SR_10$DEFAULTVIEW(1.0),29/01/25 23:00:00,Annual,Fifth quintile,Percentage of disposable income,"European Union (EU6-1958, EU9-1973, EU10-1981, EU12-1986, EU15-1995, EU25-2004, EU27-2007, EU28-2013, EU27-2020)",2015,63.4,i,
ESTAT:ICW_SR_10$DEFAULTVIEW(1.0),29/01/25 23:00:00,Annual,Fifth quintile,Percentage of disposable income,"European Union (EU6-1958, EU9-1973, EU10-1981, EU12-1986, EU15-1995, EU25-2004, EU27-2007, EU28-2013, EU27-2020)",2020,56.1,i,
ESTAT:ICW_SR_10$DEFAULTVIEW(1.0),29/01/25 23:00:00,Annual,Fifth quintile,Percentage of disposable income,European Union - 27 countries (from 2020),2015,62.6,i,
ESTAT:ICW_SR_10$DEFAULTVIEW(1.0),29/01/25 23:00:00,Annual,Fifth quintile,Percentage of disposable income,European Union - 27 countries (from 2020),2020,56.1,i,
ESTAT:ICW_SR_10$DEFAULTVIEW(1.0),29/01/25 23:00:00,Annual,Fifth quintile,Percentage of disposable income,Finland,2010,69.7,i,
ESTAT:ICW_SR_10$DEFAULTVIEW(1.0),29/01/25 23:00:00,Annual,Fifth quintile,Percentage of disposable income,Finland,2015,70.8,i,
ESTAT:ICW_SR_10$DEFAULTVIEW(1.0),29/01/25 23:00:00,Annual,Fifth quintile,Percentage of disposable income,Finland,2020,66.5,i,
ESTAT:ICW_SR_10$DEFAULTVIEW(1.0),29/01/25 23:00:00,Annual,Fifth quintile,Percentage of disposable income,France,2010,55.1,i,
ESTAT:ICW_SR_10$DEFAULTVIEW(1.0),29/01/25 23:00:00,Annual,Fifth quintile,Percentage of disposable income,France,2015,55.3,i,
ESTAT:ICW_SR_10$DEFAULTVIEW(1.0),29/01/25 23:00:00,Annual,Fifth quintile,Percentage of disposable income,France,2020,55.3,i,
ESTAT:ICW_SR_10$DEFAULTVIEW(1.0),29/01/25 23:00:00,Annual,Fifth quintile,Percentage of disposable income,Croatia,2010,69.9,i,
ESTAT:ICW_SR_10$DEFAULTVIEW(1.0),29/01/25 23:00:00,Annual,Fifth quintile,Percentage of disposable income,Croatia,2015,74,i,
ESTAT:ICW_SR_10$DEFAULTVIEW(1.0),29/01/25 23:00:00,Annual,Fifth quintile,Percentage of disposable income,Croatia,2020,63,i,
ESTAT:ICW_SR_10$DEFAULTVIEW(1.0),29/01/25 23:00:00,Annual,Fifth quintile,Percentage of disposable income,Hungary,2010,67.5,i,
ESTAT:ICW_SR_10$DEFAULTVIEW(1.0),29/01/25 23:00:00,Annual,Fifth quintile,Percentage of disposable income,Hungary,2015,71,i,
ESTAT:ICW_SR_10$DEFAULTVIEW(1.0),29/01/25 23:00:00,Annual,Fifth quintile,Percentage of disposable income,Hungary,2020,66.2,i,
ESTAT:ICW_SR_10$DEFAULTVIEW(1.0),29/01/25 23:00:00,Annual,Fifth quintile,Percentage of disposable income,Ireland,2010,67.2,i,
ESTAT:ICW_SR_10$DEFAULTVIEW(1.0),29/01/25 23:00:00,Annual,Fifth quintile,Percentage of disposable income,Ireland,2015,58.6,i,
ESTAT:ICW_SR_10$DEFAULTVIEW(1.0),29/01/25 23:00:00,Annual,Fifth quintile,Percentage of disposable income,Ireland,2020,52.2,i,
ESTAT:ICW_SR_10$DEFAULTVIEW(1.0),29/01/25 23:00:00,Annual,Fifth quintile,Percentage of disposable income,Italy,2010,,u,
ESTAT:ICW_SR_10$DEFAULTVIEW(1.0),29/01/25 23:00:00,Annual,Fifth quintile,Percentage of disposable income,Lithuania,2010,52.6,i,
ESTAT:ICW_SR_10$DEFAULTVIEW(1.0),29/01/25 23:00:00,Annual,Fifth quintile,Percentage of disposable income,Lithuania,2015,47.3,i,
ESTAT:ICW_SR_10$DEFAULTVIEW(1.0),29/01/25 23:00:00,Annual,Fifth quintile,Percentage of disposable income,Lithuania,2020,39.4,i,
ESTAT:ICW_SR_10$DEFAULTVIEW(1.0),29/01/25 23:00:00,Annual,Fifth quintile,Percentage of disposable income,Luxembourg,2010,55.5,i,
ESTAT:ICW_SR_10$DEFAULTVIEW(1.0),29/01/25 23:00:00,Annual,Fifth quintile,Percentage of disposable income,Luxembourg,2015,58.7,i,
ESTAT:ICW_SR_10$DEFAULTVIEW(1.0),29/01/25 23:00:00,Annual,Fifth quintile,Percentage of disposable income,Luxembourg,2020,52.8,i,
ESTAT:ICW_SR_10$DEFAULTVIEW(1.0),29/01/25 23:00:00,Annual,Fifth quintile,Percentage of disposable income,Latvia,2010,68.2,i,
ESTAT:ICW_SR_10$DEFAULTVIEW(1.0),29/01/25 23:00:00,Annual,Fifth quintile,Percentage of disposable income,Latvia,2015,59.4,i,
ESTAT:ICW_SR_10$DEFAULTVIEW(1.0),29/01/25 23:00:00,Annual,Fifth quintile,Percentage of disposable income,Latvia,2020,56.9,i,
ESTAT:ICW_SR_10$DEFAULTVIEW(1.0),29/01/25 23:00:00,Annual,Fifth quintile,Percentage of disposable income,Malta,2010,70.9,i,
ESTAT:ICW_SR_10$DEFAULTVIEW(1.0),29/01/25 23:00:00,Annual,Fifth quintile,Percentage of disposable income,Malta,2015,65.5,i,
ESTAT:ICW_SR_10$DEFAULTVIEW(1.0),29/01/25 23:00:00,Annual,Fifth quintile,Percentage of disposable income,Malta,2020,53.9,i,
ESTAT:ICW_SR_10$DEFAULTVIEW(1.0),29/01/25 23:00:00,Annual,Fifth quintile,Percentage of disposable income,Netherlands,2015,59.8,i,
ESTAT:ICW_SR_10$DEFAULTVIEW(1.0),29/01/25 23:00:00,Annual,Fifth quintile,Percentage of disposable income,Netherlands,2020,52.9,i,
ESTAT:ICW_SR_10$DEFAULTVIEW(1.0),29/01/25 23:00:00,Annual,Fifth quintile,Percentage of disposable income,Poland,2010,61.3,i,
ESTAT:ICW_SR_10$DEFAULTVIEW(1.0),29/01/25 23:00:00,Annual,Fifth quintile,Percentage of disposable income,Poland,2015,56.8,i,
ESTAT:ICW_SR_10$DEFAULTVIEW(1.0),29/01/25 23:00:00,Annual,Fifth quintile,Percentage of disposable income,Poland,2020,38.8,i,
ESTAT:ICW_SR_10$DEFAULTVIEW(1.0),29/01/25 23:00:00,Annual,Fifth quintile,Percentage of disposable income,Portugal,2010,76.8,i,
ESTAT:ICW_SR_10$DEFAULTVIEW(1.0),29/01/25 23:00:00,Annual,Fifth quintile,Percentage of disposable income,Portugal,2015,69.6,i,
ESTAT:ICW_SR_10$DEFAULTVIEW(1.0),29/01/25 23:00:00,Annual,Fifth quintile,Percentage of disposable income,Portugal,2020,52,i,
ESTAT:ICW_SR_10$DEFAULTVIEW(1.0),29/01/25 23:00:00,Annual,Fifth quintile,Percentage of disposable income,Romania,2010,79.4,i,
ESTAT:ICW_SR_10$DEFAULTVIEW(1.0),29/01/25 23:00:00,Annual,Fifth quintile,Percentage of disposable income,Romania,2015,74.9,i,
ESTAT:ICW_SR_10$DEFAULTVIEW(1.0),29/01/25 23:00:00,Annual,Fifth quintile,Percentage of disposable income,Romania,2020,65.6,i,
ESTAT:ICW_SR_10$DEFAULTVIEW(1.0),29/01/25 23:00:00,Annual,Fifth quintile,Percentage of disposable income,Sweden,2010,65.5,i,
ESTAT:ICW_SR_10$DEFAULTVIEW(1.0),29/01/25 23:00:00,Annual,Fifth quintile,Percentage of disposable income,Sweden,2015,58.1,i,
ESTAT:ICW_SR_10$DEFAULTVIEW(1.0),29/01/25 23:00:00,Annual,Fifth quintile,Percentage of disposable income,Slovenia,2010,69,i,
ESTAT:ICW_SR_10$DEFAULTVIEW(1.0),29/01/25 23:00:00,Annual,Fifth quintile,Percentage of disposable income,Slovenia,2015,65.5,i,
ESTAT:ICW_SR_10$DEFAULTVIEW(1.0),29/01/25 23:00:00,Annual,Fifth quintile,Percentage of disposable income,Slovenia,2020,64.3,i,
ESTAT:ICW_SR_10$DEFAULTVIEW(1.0),29/01/25 23:00:00,Annual,Fifth quintile,Percentage of disposable income,Slovakia,2010,58,i,
ESTAT:ICW_SR_10$DEFAULTVIEW(1.0),29/01/25 23:00:00,Annual,Fifth quintile,Percentage of disposable income,Slovakia,2015,64.1,i,
ESTAT:ICW_SR_10$DEFAULTVIEW(1.0),29/01/25 23:00:00,Annual,Fifth quintile,Percentage of disposable income,Slovakia,2020,55,i,
ESTAT:ICW_SR_10$DEFAULTVIEW(1.0),29/01/25 23:00:00,Annual,Fifth quintile,Percentage of disposable income,United Kingdom,2010,59.7,e,
ESTAT:ICW_SR_10$DEFAULTVIEW(1.0),29/01/25 23:00:00,Annual,Fifth quintile,Percentage of disposable income,United Kingdom,2015,68.1,i,
ESTAT:ICW_SR_10$DEFAULTVIEW(1.0),29/01/25 23:00:00,Annual,Total,Percentage of disposable income,Austria,2010,89.1,i,
ESTAT:ICW_SR_10$DEFAULTVIEW(1.0),29/01/25 23:00:00,Annual,Total,Percentage of disposable income,Austria,2015,80.1,i,
ESTAT:ICW_SR_10$DEFAULTVIEW(1.0),29/01/25 23:00:00,Annual,Total,Percentage of disposable income,Austria,2020,76.9,i,
ESTAT:ICW_SR_10$DEFAULTVIEW(1.0),29/01/25 23:00:00,Annual,Total,Percentage of disposable income,Belgium,2010,89.3,i,
ESTAT:ICW_SR_10$DEFAULTVIEW(1.0),29/01/25 23:00:00,Annual,Total,Percentage of disposable income,Belgium,2015,81.8,i,
ESTAT:ICW_SR_10$DEFAULTVIEW(1.0),29/01/25 23:00:00,Annual,Total,Percentage of disposable income,Belgium,2020,67,i,
ESTAT:ICW_SR_10$DEFAULTVIEW(1.0),29/01/25 23:00:00,Annual,Total,Percentage of disposable income,Bulgaria,2010,54.9,e,
ESTAT:ICW_SR_10$DEFAULTVIEW(1.0),29/01/25 23:00:00,Annual,Total,Percentage of disposable income,Bulgaria,2015,72.6,i,
ESTAT:ICW_SR_10$DEFAULTVIEW(1.0),29/01/25 23:00:00,Annual,Total,Percentage of disposable income,Bulgaria,2020,59.2,i,
ESTAT:ICW_SR_10$DEFAULTVIEW(1.0),29/01/25 23:00:00,Annual,Total,Percentage of disposable income,Cyprus,2010,93,i,
ESTAT:ICW_SR_10$DEFAULTVIEW(1.0),29/01/25 23:00:00,Annual,Total,Percentage of disposable income,Cyprus,2015,88.1,i,
ESTAT:ICW_SR_10$DEFAULTVIEW(1.0),29/01/25 23:00:00,Annual,Total,Percentage of disposable income,Cyprus,2020,76.9,i,
ESTAT:ICW_SR_10$DEFAULTVIEW(1.0),29/01/25 23:00:00,Annual,Total,Percentage of disposable income,Czechia,2010,,u,
ESTAT:ICW_SR_10$DEFAULTVIEW(1.0),29/01/25 23:00:00,Annual,Total,Percentage of disposable income,Czechia,2015,66.9,i,
ESTAT:ICW_SR_10$DEFAULTVIEW(1.0),29/01/25 23:00:00,Annual,Total,Percentage of disposable income,Czechia,2020,70.1,i,
ESTAT:ICW_SR_10$DEFAULTVIEW(1.0),29/01/25 23:00:00,Annual,Total,Percentage of disposable income,Germany,2010,82.9,i,
ESTAT:ICW_SR_10$DEFAULTVIEW(1.0),29/01/25 23:00:00,Annual,Total,Percentage of disposable income,Germany,2015,81.2,i,
ESTAT:ICW_SR_10$DEFAULTVIEW(1.0),29/01/25 23:00:00,Annual,Total,Percentage of disposable income,Germany,2020,77.7,i,
ESTAT:ICW_SR_10$DEFAULTVIEW(1.0),29/01/25 23:00:00,Annual,Total,Percentage of disposable income,Denmark,2010,95.1,i,
ESTAT:ICW_SR_10$DEFAULTVIEW(1.0),29/01/25 23:00:00,Annual,Total,Percentage of disposable income,Denmark,2015,70.5,i,
ESTAT:ICW_SR_10$DEFAULTVIEW(1.0),29/01/25 23:00:00,Annual,Total,Percentage of disposable income,Denmark,2020,63.9,i,
ESTAT:ICW_SR_10$DEFAULTVIEW(1.0),29/01/25 23:00:00,Annual,Total,Percentage of disposable income,"Euro area (EA11-1999, EA12-2001, EA13-2007, EA15-2008, EA16-2009, EA17-2011, EA18-2014, EA19-2015, EA20-2023)",2015,78.4,i,
ESTAT:ICW_SR_10$DEFAULTVIEW(1.0),29/01/25 23:00:00,Annual,Total,Percentage of disposable income,"Euro area (EA11-1999, EA12-2001, EA13-2007, EA15-2008, EA16-2009, EA17-2011, EA18-2014, EA19-2015, EA20-2023)",2020,73.1,i,
ESTAT:ICW_SR_10$DEFAULTVIEW(1.0),29/01/25 23:00:00,Annual,Total,Percentage of disposable income,Euro area – 20 countries (from 2023),2015,78.6,i,
ESTAT:ICW_SR_10$DEFAULTVIEW(1.0),29/01/25 23:00:00,Annual,Total,Percentage of disposable income,Euro area – 20 countries (from 2023),2020,73.1,i,
ESTAT:ICW_SR_10$DEFAULTVIEW(1.0),29/01/25 23:00:00,Annual,Total,Percentage of disposable income,Estonia,2010,67.2,i,
ESTAT:ICW_SR_10$DEFAULTVIEW(1.0),29/01/25 23:00:00,Annual,Total,Percentage of disposable income,Estonia,2015,66.6,i,
ESTAT:ICW_SR_10$DEFAULTVIEW(1.0),29/01/25 23:00:00,Annual,Total,Percentage of disposable income,Estonia,2020,58,i,
ESTAT:ICW_SR_10$DEFAULTVIEW(1.0),29/01/25 23:00:00,Annual,Total,Percentage of disposable income,Greece,2010,116.5,i,
ESTAT:ICW_SR_10$DEFAULTVIEW(1.0),29/01/25 23:00:00,Annual,Total,Percentage of disposable income,Greece,2015,110.2,i,
ESTAT:ICW_SR_10$DEFAULTVIEW(1.0),29/01/25 23:00:00,Annual,Total,Percentage of disposable income,Greece,2020,90.7,i,
ESTAT:ICW_SR_10$DEFAULTVIEW(1.0),29/01/25 23:00:00,Annual,Total,Percentage of disposable income,Spain,2010,84.4,i,
ESTAT:ICW_SR_10$DEFAULTVIEW(1.0),29/01/25 23:00:00,Annual,Total,Percentage of disposable income,Spain,2015,80.4,i,
ESTAT:ICW_SR_10$DEFAULTVIEW(1.0),29/01/25 23:00:00,Annual,Total,Percentage of disposable income,Spain,2020,67.2,i,
ESTAT:ICW_SR_10$DEFAULTVIEW(1.0),29/01/25 23:00:00,Annual,Total,Percentage of disposable income,"European Union (EU6-1958, EU9-1973, EU10-1981, EU12-1986, EU15-1995, EU25-2004, EU27-2007, EU28-2013, EU27-2020)",2015,79.2,i,
ESTAT:ICW_SR_10$DEFAULTVIEW(1.0),29/01/25 23:00:00,Annual,Total,Percentage of disposable income,"European Union (EU6-1958, EU9-1973, EU10-1981, EU12-1986, EU15-1995, EU25-2004, EU27-2007, EU28-2013, EU27-2020)",2020,71.6,i,
ESTAT:ICW_SR_10$DEFAULTVIEW(1.0),29/01/25 23:00:00,Annual,Total,Percentage of disposable income,European Union - 27 countries (from 2020),2015,78,i,
ESTAT:ICW_SR_10$DEFAULTVIEW(1.0),29/01/25 23:00:00,Annual,Total,Percentage of disposable income,European Union - 27 countries (from 2020),2020,71.6,i,
ESTAT:ICW_SR_10$DEFAULTVIEW(1.0),29/01/25 23:00:00,Annual,Total,Percentage of disposable income,Finland,2010,79.3,i,
ESTAT:ICW_SR_10$DEFAULTVIEW(1.0),29/01/25 23:00:00,Annual,Total,Percentage of disposable income,Finland,2015,81.3,i,
ESTAT:ICW_SR_10$DEFAULTVIEW(1.0),29/01/25 23:00:00,Annual,Total,Percentage of disposable income,Finland,2020,80.6,i,
ESTAT:ICW_SR_10$DEFAULTVIEW(1.0),29/01/25 23:00:00,Annual,Total,Percentage of disposable income,France,2010,71.1,i,
ESTAT:ICW_SR_10$DEFAULTVIEW(1.0),29/01/25 23:00:00,Annual,Total,Percentage of disposable income,France,2015,67.5,i,
ESTAT:ICW_SR_10$DEFAULTVIEW(1.0),29/01/25 23:00:00,Annual,Total,Percentage of disposable income,France,2020,70.2,i,
ESTAT:ICW_SR_10$DEFAULTVIEW(1.0),29/01/25 23:00:00,Annual,Total,Percentage of disposable income,Croatia,2010,91.9,i,
ESTAT:ICW_SR_10$DEFAULTVIEW(1.0),29/01/25 23:00:00,Annual,Total,Percentage of disposable income,Croatia,2015,93.9,i,
ESTAT:ICW_SR_10$DEFAULTVIEW(1.0),29/01/25 23:00:00,Annual,Total,Percentage of disposable income,Croatia,2020,79.2,i,
ESTAT:ICW_SR_10$DEFAULTVIEW(1.0),29/01/25 23:00:00,Annual,Total,Percentage of disposable income,Hungary,2010,82,i,
ESTAT:ICW_SR_10$DEFAULTVIEW(1.0),29/01/25 23:00:00,Annual,Total,Percentage of disposable income,Hungary,2015,84.6,i,
ESTAT:ICW_SR_10$DEFAULTVIEW(1.0),29/01/25 23:00:00,Annual,Total,Percentage of disposable income,Hungary,2020,77.5,i,
ESTAT:ICW_SR_10$DEFAULTVIEW(1.0),29/01/25 23:00:00,Annual,Total,Percentage of disposable income,Ireland,2010,82.5,i,
ESTAT:ICW_SR_10$DEFAULTVIEW(1.0),29/01/25 23:00:00,Annual,Total,Percentage of disposable income,Ireland,2015,74.5,i,
ESTAT:ICW_SR_10$DEFAULTVIEW(1.0),29/01/25 23:00:00,Annual,Total,Percentage of disposable income,Ireland,2020,67.4,i,
ESTAT:ICW_SR_10$DEFAULTVIEW(1.0),29/01/25 23:00:00,Annual,Total,Percentage of disposable income,Italy,2010,77.4,i,
ESTAT:ICW_SR_10$DEFAULTVIEW(1.0),29/01/25 23:00:00,Annual,Total,Percentage of disposable income,Lithuania,2010,75.3,i,
ESTAT:ICW_SR_10$DEFAULTVIEW(1.0),29/01/25 23:00:00,Annual,Total,Percentage of disposable income,Lithuania,2015,62.6,i,
ESTAT:ICW_SR_10$DEFAULTVIEW(1.0),29/01/25 23:00:00,Annual,Total,Percentage of disposable income,Lithuania,2020,53.7,i,
ESTAT:ICW_SR_10$DEFAULTVIEW(1.0),29/01/25 23:00:00,Annual,Total,Percentage of disposable income,Luxembourg,2010,70.5,i,
ESTAT:ICW_SR_10$DEFAULTVIEW(1.0),29/01/25 23:00:00,Annual,Total,Percentage of disposable income,Luxembourg,2015,73.3,i,
ESTAT:ICW_SR_10$DEFAULTVIEW(1.0),29/01/25 23:00:00,Annual,Total,Percentage of disposable income,Luxembourg,2020,68.6,i,
ESTAT:ICW_SR_10$DEFAULTVIEW(1.0),29/01/25 23:00:00,Annual,Total,Percentage of disposable income,Latvia,2010,87.8,i,
ESTAT:ICW_SR_10$DEFAULTVIEW(1.0),29/01/25 23:00:00,Annual,Total,Percentage of disposable income,Latvia,2015,72.4,i,
ESTAT:ICW_SR_10$DEFAULTVIEW(1.0),29/01/25 23:00:00,Annual,Total,Percentage of disposable income,Latvia,2020,69.3,i,
ESTAT:ICW_SR_10$DEFAULTVIEW(1.0),29/01/25 23:00:00,Annual,Total,Percentage of disposable income,Malta,2010,92.9,i,
ESTAT:ICW_SR_10$DEFAULTVIEW(1.0),29/01/25 23:00:00,Annual,Total,Percentage of disposable income,Malta,2015,85.3,i,
ESTAT:ICW_SR_10$DEFAULTVIEW(1.0),29/01/25 23:00:00,Annual,Total,Percentage of disposable income,Malta,2020,72.9,i,
ESTAT:ICW_SR_10$DEFAULTVIEW(1.0),29/01/25 23:00:00,Annual,Total,Percentage of disposable income,Netherlands,2015,79.4,i,
ESTAT:ICW_SR_10$DEFAULTVIEW(1.0),29/01/25 23:00:00,Annual,Total,Percentage of disposable income,Netherlands,2020,73,i,
ESTAT:ICW_SR_10$DEFAULTVIEW(1.0),29/01/25 23:00:00,Annual,Total,Percentage of disposable income,Poland,2010,73.5,i,
ESTAT:ICW_SR_10$DEFAULTVIEW(1.0),29/01/25 23:00:00,Annual,Total,Percentage of disposable income,Poland,2015,68.5,i,
ESTAT:ICW_SR_10$DEFAULTVIEW(1.0),29/01/25 23:00:00,Annual,Total,Percentage of disposable income,Poland,2020,49.8,i,
ESTAT:ICW_SR_10$DEFAULTVIEW(1.0),29/01/25 23:00:00,Annual,Total,Percentage of disposable income,Portugal,2010,91.8,i,
ESTAT:ICW_SR_10$DEFAULTVIEW(1.0),29/01/25 23:00:00,Annual,Total,Percentage of disposable income,Portugal,2015,84.1,i,
ESTAT:ICW_SR_10$DEFAULTVIEW(1.0),29/01/25 23:00:00,Annual,Total,Percentage of disposable income,Portugal,2020,67.2,i,
ESTAT:ICW_SR_10$DEFAULTVIEW(1.0),29/01/25 23:00:00,Annual,Total,Percentage of disposable income,Romania,2010,98.5,i,
ESTAT:ICW_SR_10$DEFAULTVIEW(1.0),29/01/25 23:00:00,Annual,Total,Percentage of disposable income,Romania,2015,95,i,
ESTAT:ICW_SR_10$DEFAULTVIEW(1.0),29/01/25 23:00:00,Annual,Total,Percentage of disposable income,Romania,2020,88.5,i,
ESTAT:ICW_SR_10$DEFAULTVIEW(1.0),29/01/25 23:00:00,Annual,Total,Percentage of disposable income,Sweden,2010,82.5,i,
ESTAT:ICW_SR_10$DEFAULTVIEW(1.0),29/01/25 23:00:00,Annual,Total,Percentage of disposable income,Sweden,2015,74.9,i,
ESTAT:ICW_SR_10$DEFAULTVIEW(1.0),29/01/25 23:00:00,Annual,Total,Percentage of disposable income,Slovenia,2010,82.7,i,
ESTAT:ICW_SR_10$DEFAULTVIEW(1.0),29/01/25 23:00:00,Annual,Total,Percentage of disposable income,Slovenia,2015,80.4,i,
ESTAT:ICW_SR_10$DEFAULTVIEW(1.0),29/01/25 23:00:00,Annual,Total,Percentage of disposable income,Slovenia,2020,78.5,i,
ESTAT:ICW_SR_10$DEFAULTVIEW(1.0),29/01/25 23:00:00,Annual,Total,Percentage of disposable income,Slovakia,2010,70.8,i,
ESTAT:ICW_SR_10$DEFAULTVIEW(1.0),29/01/25 23:00:00,Annual,Total,Percentage of disposable income,Slovakia,2015,81.3,i,
ESTAT:ICW_SR_10$DEFAULTVIEW(1.0),29/01/25 23:00:00,Annual,Total,Percentage of disposable income,Slovakia,2020,71.7,i,
ESTAT:ICW_SR_10$DEFAULTVIEW(1.0),29/01/25 23:00:00,Annual,Total,Percentage of disposable income,United Kingdom,2010,,u,
ESTAT:ICW_SR_10$DEFAULTVIEW(1.0),29/01/25 23:00:00,Annual,Total,Percentage of disposable income,United Kingdom,2015,86.1,i,
